"patient_id","arm_assignment"
"PT-0001",2
"PT-0002",3
"PT-0003",1
"PT-0004",2
"PT-0005",3
"PT-0006",1
"PT-0007",2
"PT-0008",3
"PT-0009",1
"PT-0010",2
"PT-0011",3
"PT-0012",1
"PT-0013",2
"PT-0014",3
"PT-0015",1
"PT-0016",2
"PT-0017",3
"PT-0018",1
"PT-0019",2
"PT-0020",3
"PT-0021",1
"PT-0022",2
"PT-0023",3
"PT-0024",1
"PT-0025",2
"PT-0026",3
"PT-0027",1
"PT-0028",2
"PT-0029",3
"PT-0030",1
"PT-0031",2
"PT-0032",3
"PT-0033",1
"PT-0034",2
"PT-0035",3
"PT-0036",1
"PT-0037",2
"PT-0038",3
"PT-0039",1
"PT-0040",2
"PT-0041",3
"PT-0042",1
"PT-0043",2
"PT-0044",3
"PT-0045",1
"PT-0046",2
"PT-0047",3
"PT-0048",1
"PT-0049",2
"PT-0050",3
"PT-0051",1
"PT-0052",2
"PT-0053",3
"PT-0054",1
"PT-0055",2
"PT-0056",3
"PT-0057",1
"PT-0058",2
"PT-0059",3
"PT-0060",1
"PT-0061",2
"PT-0062",3
"PT-0063",1
"PT-0064",2
"PT-0065",3
"PT-0066",1
"PT-0067",2
"PT-0068",3
"PT-0069",1
"PT-0070",2
"PT-0071",3
"PT-0072",1
"PT-0073",2
"PT-0074",3
"PT-0075",1
"PT-0076",2
"PT-0077",3
"PT-0078",1
"PT-0079",2
"PT-0080",3
"PT-0081",1
"PT-0082",2
"PT-0083",3
"PT-0084",1
"PT-0085",2
"PT-0086",3
"PT-0087",1
"PT-0088",2
"PT-0089",3
"PT-0090",1
"PT-0091",2
"PT-0092",3
"PT-0093",1
"PT-0094",2
"PT-0095",3
"PT-0096",1
"PT-0097",2
"PT-0098",3
"PT-0099",1
"PT-0100",2
"PT-0101",3
"PT-0102",1
"PT-0103",2
"PT-0104",3
"PT-0105",1
"PT-0106",2
"PT-0107",3
"PT-0108",1
"PT-0109",2
"PT-0110",3
"PT-0111",1
"PT-0112",2
"PT-0113",3
"PT-0114",1
"PT-0115",2
"PT-0116",3
"PT-0117",1
"PT-0118",2
"PT-0119",3
"PT-0120",1
